CategoryCode,ItemCode,Week,WeeklySales
2,1090249,1,45
2,1098493,1,33
4,1060909,1,226
2,174436,1,280
1,36898,1,254
4,753613,1,77
3,1090024,1,78
1,1054978,1,233
2,23569,1,51
2,30877,1,232
3,1081087,1,68
1,145978,1,140
2,216151,1,61
3,1047130,1,180
4,836584,1,460
2,1044502,1,87
1,43657,1,23
1,1056463,1,110
2,1098502,1,28
2,1105009,1,5
1,1032532,1,251
3,893824,1,124
2,1067074,1,133
3,1060630,1,190
3,1081060,1,271
1,1032541,1,318
2,1070818,1,36
2,110320,1,129
3,1063600,1,47
1,38518,1,68
1,17296,1,1439
1,37510,1,31
3,131983,1,147
1,1047967,1,551
1,124774,1,88
1,119554,1,433
3,1081069,1,63
2,20824,1,498
1,1032586,1,62
2,59749,1,174
3,7666,1,649
1,76399,1,89
1,1032568,1,152
3,1013335,1,42
1,1044682,1,154
3,132334,1,62
1,3427,1,162
2,1064473,1,167
1,3418,1,186
2,124954,1,62
2,1026871,1,56
3,1066570,1,418
1,1058713,1,134
1,1067119,1,112
4,23200,1,71
1,42424,1,92
2,262384,1,38
2,903976,1,76
3,88450,1,469
2,399220,1,75
2,1103056,1,33
2,40759,1,224
4,1074823,1,1235
2,837943,1,311
2,65788,1,203
4,245581,1,299
2,906586,1,24
1,142756,1,155
2,1101562,1,46
1,1081321,1,80
1,43738,1,47
4,1024810,1,183
4,1003156,1,218
1,48940,1,37
2,32245,1,156
2,815101,1,101
3,37861,1,495
2,1070836,1,90
2,39436,1,433
1,42496,1,105
4,123307,1,2053
2,132028,1,576
2,1071124,1,51
4,872260,1,57
3,169504,1,2736
1,86992,1,140
1,24136,1,246
1,1044691,1,54
2,43630,1,97
1,839356,1,184
1,379249,1,115
2,1092184,1,70
1,1061341,1,184
2,138742,1,99
1,1050046,1,58
1,1090105,1,21
1,1015621,1,16
4,731104,1,61
2,172582,1,79
2,118033,1,49
3,1081078,1,44
1,1030948,1,23
2,117610,1,51
1,1090114,1,17
2,1090240,1,87
3,1064572,1,33
2,1101571,1,37
2,838456,1,44
2,9925,1,35
2,836152,1,62
1,35584,1,19
2,836125,1,113
2,225259,1,52
2,865933,1,161
1,1049776,1,51
4,1003183,1,71
1,416212,1,28
1,1085749,1,29
2,267478,1,89
4,1003147,1,296
1,35449,1,13
4,1082743,1,26
2,50785,1,51
2,172033,1,120
1,17287,1,43
1,1044619,1,150
2,1006099,1,16
1,371104,1,31
1,370195,1,122
2,111382,1,78
2,858886,1,47
1,1032559,1,51
2,1067092,1,475
2,1076938,1,25
2,687616,1,36
2,64978,1,16
2,213802,1,45
2,1010068,1,60
2,87559,1,78
4,1003192,1,55
2,1071106,1,95
2,57058,1,26
3,1101661,1,87
1,839374,1,111
2,999403,1,23
2,1006090,1,42
1,755584,1,104
1,1021264,1,35
3,397213,1,45
3,16936,1,116
2,877624,1,111
1,59047,1,25
1,1061638,1,333
1,1084498,1,67
1,371239,1,43
1,145330,1,48
2,87046,1,17
2,86974,1,43
2,1101769,1,22
2,1090276,1,56
2,173617,1,82
1,35530,1,67
2,1101553,1,30
2,1006009,1,65
2,130993,1,46
2,111436,1,30
2,248272,1,28
1,1075651,1,11
2,210868,1,23
2,41830,1,58
2,1076929,1,17
2,1006108,1,22
1,1090303,1,30
2,1076920,1,49
1,1044610,1,38
2,75886,1,39
1,1048975,1,23
1,1032550,1,122
1,1081339,1,28
2,745945,1,43
2,913561,1,29
2,1071115,1,49
1,1090294,1,21
2,99079,1,70
2,906595,1,21
2,211309,1,60
2,1090258,1,52
3,1097143,1,80
1,1067128,1,41
1,1077118,1,22
1,1068883,1,6
2,1105018,1,1
2,172582,2,74
2,1006009,2,56
1,145978,2,142
1,1032550,2,50
2,1090249,2,45
1,1050046,2,63
2,1098493,2,34
4,1060909,2,144
3,1090024,2,66
3,1101661,2,95
2,174436,2,253
2,1044502,2,73
2,838456,2,44
2,1090240,2,87
1,36898,2,274
1,379249,2,139
1,1054978,2,242
4,753613,2,81
1,42496,2,105
2,30877,2,239
2,1101769,2,30
2,23569,2,49
4,23200,2,138
1,86992,2,162
2,1067074,2,129
1,17296,2,1767
2,1101571,2,38
3,1066570,2,425
1,48940,2,39
2,211309,2,56
3,1081087,2,94
3,1081060,2,212
2,216151,2,59
1,1085749,2,31
3,1047130,2,205
2,1064473,2,160
2,75886,2,29
4,836584,2,502
1,1032568,2,39
2,837943,2,314
1,1032586,2,71
1,43657,2,21
1,1056463,2,150
3,1081069,2,64
2,1098502,2,23
2,1105009,2,14
1,1032532,2,273
2,1070836,2,91
1,43738,2,41
3,893824,2,190
2,1076938,2,32
2,20824,2,488
3,88450,2,465
3,1060630,2,161
2,745945,2,76
1,1032541,2,263
2,1070818,2,39
2,110320,2,153
3,1063600,2,37
1,42424,2,89
4,1074823,2,1195
3,1064572,2,42
1,1081339,2,26
1,1081321,2,81
1,38518,2,43
1,37510,2,32
3,131983,2,130
2,1071106,2,105
1,1030948,2,26
2,50785,2,66
1,370195,2,159
1,1047967,2,418
4,245581,2,295
1,124774,2,97
1,1058713,2,108
1,35449,2,16
1,119554,2,476
2,858886,2,44
2,111382,2,60
2,124954,2,85
3,1013335,2,44
2,172033,2,204
2,836152,2,58
4,1024810,2,183
2,59749,2,153
3,7666,2,521
2,32245,2,120
1,76399,2,76
2,1090258,2,107
1,755584,2,135
1,1044682,2,176
2,999403,2,32
3,132334,2,51
1,3427,2,166
2,40759,2,220
1,3418,2,191
2,225259,2,43
2,1026871,2,53
2,836125,2,111
1,371239,2,44
4,872260,2,65
2,41830,2,56
1,1067119,2,125
2,138742,2,82
2,262384,2,43
2,903976,2,45
2,399220,2,82
2,1103056,2,65
2,43630,2,98
2,65788,2,157
4,1003156,2,177
2,906586,2,32
3,37861,2,484
1,142756,2,164
2,1101562,2,39
1,1032559,2,50
2,815101,2,96
3,1081078,2,49
1,1044619,2,183
1,839374,2,142
4,123307,2,1822
1,1061638,2,363
2,877624,2,109
3,169504,2,2654
2,87559,2,73
2,1092184,2,72
2,64978,2,17
2,865933,2,175
2,39436,2,213
2,1006108,2,15
1,1044610,2,41
2,130993,2,78
2,132028,2,608
2,1067092,2,514
2,1071124,2,68
1,24136,2,243
1,1044691,2,61
1,145330,2,40
2,213802,2,36
1,839356,2,202
4,1082743,2,27
1,1049776,2,45
1,1061341,2,208
1,1090105,2,23
1,1015621,2,13
4,731104,2,58
2,1076929,2,23
2,1076920,2,57
1,416212,2,24
4,1003147,2,294
2,1006099,2,13
2,118033,2,44
1,1090303,2,27
2,1090276,2,48
2,117610,2,98
1,1090114,2,22
1,17287,2,58
2,913561,2,35
2,9925,2,42
2,210868,2,24
1,35584,2,20
3,397213,2,86
4,1003183,2,54
2,267478,2,58
2,99079,2,73
2,1006090,2,51
1,1068883,2,11
2,173617,2,88
1,1048975,2,30
1,1075651,2,17
1,371104,2,32
2,1010068,2,53
4,1003192,2,41
2,57058,2,18
1,1021264,2,35
3,16936,2,110
1,59047,2,38
1,1084498,2,62
1,35530,2,54
2,1101553,2,25
2,111436,2,24
2,1071115,2,51
1,1090294,2,13
2,906595,2,24
3,1097143,2,117
1,1067128,2,39
2,86974,2,39
2,687616,2,16
2,1105027,2,8
2,1105018,2,4
2,248272,2,11
2,87046,2,13
1,1077118,2,3
2,267496,2,3
2,117610,3,131
2,172582,3,62
2,1006009,3,39
1,145978,3,112
1,1032550,3,51
2,1090249,3,51
2,1067092,3,537
1,1050046,3,63
2,815101,3,105
2,39436,3,79
2,1098493,3,38
4,1060909,3,235
2,172033,3,378
3,1090024,3,60
2,1067074,3,129
2,1071106,3,118
2,30877,3,322
3,1101661,3,99
2,877624,3,106
2,174436,3,284
2,1044502,3,72
2,838456,3,42
2,745945,3,115
2,1090240,3,83
1,36898,3,292
1,379249,3,132
2,57058,3,19
1,3427,3,154
1,1054978,3,218
4,1074823,3,1198
3,1066570,3,353
4,753613,3,104
1,42496,3,123
1,1056463,3,174
1,1048975,3,26
2,87559,3,64
1,1075651,3,22
2,1101769,3,50
2,23569,3,95
4,23200,3,194
1,1061341,3,189
1,86992,3,160
3,1060630,3,166
1,17296,3,1916
2,1071115,3,42
1,17287,3,53
2,1101571,3,27
4,1024810,3,188
3,893824,3,238
1,48940,3,41
2,211309,3,49
3,1081087,3,111
3,1081060,3,272
2,216151,3,68
1,1047967,3,427
1,1085749,3,27
3,1047130,3,221
2,1064473,3,152
2,118033,3,50
2,75886,3,32
4,245581,3,321
4,836584,3,541
1,1058713,3,137
1,1032568,3,33
2,837943,3,341
1,1032586,3,64
1,43657,3,27
3,1081069,3,53
2,110320,3,155
4,1082743,3,18
2,906586,3,37
2,1098502,3,23
2,1105009,3,28
1,1032532,3,379
2,262384,3,49
2,1070836,3,81
2,1010068,3,60
1,43738,3,34
1,119554,3,495
2,687616,3,2
1,839356,3,218
2,1076938,3,34
1,371239,3,36
2,87046,3,23
2,20824,3,703
3,88450,3,489
2,40759,3,204
1,1021264,3,32
2,210868,3,25
1,1032541,3,442
2,1070818,3,49
4,1003147,3,304
3,1063600,3,41
1,42424,3,83
3,1064572,3,48
2,399220,3,83
1,1081339,3,42
1,1081321,3,65
1,38518,3,45
2,836152,3,63
1,1030948,3,27
1,416212,3,27
1,24136,3,231
2,248272,3,39
1,1044691,3,57
1,37510,3,31
3,131983,3,119
2,50785,3,68
1,370195,3,169
1,124774,3,90
4,1003192,3,34
1,35449,3,16
2,858886,3,37
2,65788,3,118
2,1103056,3,87
2,43630,3,107
1,1044619,3,131
4,872260,3,57
4,1003156,3,229
1,142756,3,141
2,111382,3,65
2,903976,3,70
2,124954,3,112
3,1013335,3,41
4,731104,3,47
2,1101562,3,40
2,59749,3,148
3,7666,3,393
2,267496,3,16
2,32245,3,119
2,64978,3,16
1,1061638,3,318
3,169504,3,2748
1,76399,3,96
2,1090258,3,107
1,755584,3,127
1,1044682,3,128
2,999403,3,44
3,132334,3,44
1,3418,3,175
2,99079,3,75
2,225259,3,37
2,1026871,3,62
2,1101553,3,23
2,836125,3,131
4,123307,3,1704
2,1105027,3,22
1,1032559,3,49
3,1081078,3,52
2,41830,3,45
1,1067119,3,108
2,138742,3,92
2,132028,3,676
3,16936,3,104
3,37861,3,420
2,913561,3,43
4,1003183,3,48
1,1049776,3,56
1,839374,3,138
1,1090105,3,23
2,1092184,3,60
2,865933,3,128
2,1006108,3,16
1,1044610,3,33
2,130993,3,76
2,1071124,3,70
1,145330,3,38
2,213802,3,29
2,1076920,3,46
2,86974,3,35
1,1015621,3,9
2,1006090,3,56
2,1076929,3,18
2,906595,3,21
2,1006099,3,30
1,1090303,3,19
2,1090276,3,46
1,1090114,3,21
2,9925,3,39
1,35584,3,15
3,397213,3,65
2,173617,3,69
2,111436,3,21
2,267478,3,30
1,1068883,3,8
1,1067128,3,40
1,371104,3,30
1,1084498,3,36
3,1097143,3,85
1,59047,3,33
1,35530,3,43
2,1105018,3,15
1,1090294,3,5
1,1077118,3,0
2,117610,4,132
4,836584,4,511
2,172582,4,59
2,1006009,4,22
1,145978,4,114
1,1032550,4,52
2,1090249,4,88
2,1067092,4,533
1,1050046,4,74
2,815101,4,103
2,39436,4,71
1,371239,4,41
2,1103056,4,91
2,836125,4,163
3,131983,4,120
2,1098493,4,35
1,76399,4,93
4,1060909,4,254
2,172033,4,467
3,1090024,4,74
2,1067074,4,176
2,1071106,4,121
2,30877,4,299
2,110320,4,164
3,1101661,4,118
2,877624,4,107
2,1044502,4,68
2,174436,4,273
2,838456,4,50
2,745945,4,141
2,1090240,4,92
1,59047,4,40
1,42424,4,88
1,36898,4,271
1,379249,4,141
2,57058,4,17
1,3427,4,167
3,16936,4,107
1,1048975,4,49
1,1047967,4,489
1,1054978,4,189
4,1074823,4,1185
3,1066570,4,423
3,169504,4,2756
4,753613,4,102
1,42496,4,122
1,1056463,4,183
2,87559,4,64
2,59749,4,143
1,1075651,4,24
2,267478,4,24
1,371104,4,34
1,416212,4,30
2,1064473,4,177
2,1101769,4,66
1,1067119,4,102
2,23569,4,117
2,132028,4,653
4,23200,4,204
1,1061341,4,181
1,86992,4,174
3,1060630,4,167
1,17296,4,2146
2,1071115,4,49
1,17287,4,68
3,88450,4,497
2,1101571,4,24
2,1026871,4,54
1,119554,4,510
4,1024810,4,185
2,138742,4,94
3,893824,4,275
1,48940,4,44
2,211309,4,57
4,731104,4,70
3,1081087,4,117
3,1081060,4,291
2,216151,4,67
2,124954,4,142
2,1076920,4,42
2,1101562,4,48
1,1085749,4,23
4,123307,4,1619
3,1047130,4,240
2,837943,4,370
2,118033,4,54
1,1044682,4,128
2,75886,4,28
4,245581,4,301
1,1058713,4,137
1,1032568,4,37
2,1090276,4,52
1,1032586,4,60
2,1105027,4,28
2,906595,4,23
2,903976,4,87
1,43657,4,33
1,35584,4,14
3,1081069,4,60
4,1082743,4,17
2,906586,4,37
2,1098502,4,23
3,1063600,4,39
2,1105009,4,45
1,1032532,4,389
2,262384,4,49
2,1070836,4,80
2,1010068,4,63
1,43738,4,38
2,687616,4,10
1,839356,4,190
2,1076938,4,35
2,87046,4,27
2,20824,4,670
2,40759,4,203
2,173617,4,50
1,142756,4,117
1,1021264,4,31
2,210868,4,22
1,1032541,4,561
2,1070818,4,45
4,1003147,4,319
3,1064572,4,54
1,839374,4,140
2,399220,4,73
2,1006090,4,57
1,1081339,4,62
2,1101553,4,20
1,1081321,4,60
4,872260,4,47
1,38518,4,44
3,1081078,4,61
2,64978,4,19
2,248272,4,71
2,836152,4,71
1,1030948,4,23
1,24136,4,96
1,1044691,4,67
1,37510,4,32
3,397213,4,78
2,50785,4,76
1,370195,4,169
1,124774,4,76
2,858886,4,30
4,1003192,4,65
2,9925,4,32
2,913561,4,43
1,35449,4,23
2,65788,4,72
2,43630,4,109
1,1044619,4,123
2,267496,4,23
4,1003156,4,240
2,111382,4,54
2,41830,4,52
3,1013335,4,35
3,7666,4,188
2,32245,4,121
1,1061638,4,218
2,1090258,4,102
1,755584,4,184
2,999403,4,49
3,132334,4,51
2,1071124,4,67
1,3418,4,185
2,99079,4,76
2,225259,4,37
1,1032559,4,41
2,213802,4,26
2,1105018,4,22
1,1044610,4,31
3,37861,4,435
2,1006108,4,27
4,1003183,4,40
1,1015621,4,8
1,1049776,4,67
1,1084498,4,61
2,1092184,4,64
1,1090105,4,19
2,865933,4,109
2,1076929,4,21
2,130993,4,108
1,145330,4,26
1,1067128,4,26
2,86974,4,31
1,1068883,4,11
2,1006099,4,33
1,1090303,4,12
1,1090114,4,15
2,111436,4,15
3,1097143,4,75
1,35530,4,42
1,1090294,4,0
2,117610,5,146
4,836584,5,663
2,172582,5,59
2,1006009,5,21
1,145978,5,127
1,1032550,5,41
2,1067092,5,553
1,1050046,5,91
2,815101,5,93
2,39436,5,61
1,371239,5,42
2,1103056,5,99
2,836125,5,165
3,131983,5,139
1,76399,5,81
2,172033,5,527
3,1090024,5,60
2,1067074,5,175
2,1071106,5,124
2,30877,5,308
2,110320,5,186
3,1101661,5,120
2,877624,5,98
2,1044502,5,51
2,838456,5,56
2,745945,5,161
2,1090240,5,86
1,59047,5,35
1,42424,5,102
1,379249,5,145
2,57058,5,22
1,3427,5,150
3,16936,5,231
1,1048975,5,48
1,1047967,5,492
1,1054978,5,190
4,1074823,5,1147
3,1066570,5,385
3,169504,5,2830
1,42496,5,107
1,1056463,5,169
2,87559,5,64
2,1098493,5,32
2,59749,5,141
1,1075651,5,37
2,267478,5,28
1,371104,5,27
1,416212,5,30
2,1064473,5,161
2,1101769,5,78
1,1067119,5,104
2,132028,5,748
4,23200,5,261
1,1061341,5,184
1,86992,5,189
3,1060630,5,161
1,17296,5,2399
2,1071115,5,50
1,17287,5,65
3,88450,5,525
2,1101571,5,22
2,1026871,5,49
1,119554,5,567
4,1024810,5,215
2,138742,5,89
3,893824,5,242
1,48940,5,58
2,211309,5,58
4,731104,5,76
3,1081060,5,341
2,124954,5,149
2,1076920,5,38
2,1101562,5,38
1,1085749,5,28
4,123307,5,1475
2,837943,5,378
2,118033,5,53
1,1044682,5,179
2,75886,5,25
4,245581,5,304
1,1058713,5,144
1,1032568,5,35
2,1090276,5,54
1,36898,5,271
1,1032586,5,62
2,1105027,5,42
2,906595,5,31
2,903976,5,78
1,35584,5,13
2,23569,5,128
3,1081069,5,59
4,1082743,5,25
2,906586,5,42
3,1063600,5,40
2,262384,5,48
2,1070836,5,82
2,1105009,5,47
2,1010068,5,57
1,43738,5,53
2,687616,5,30
1,839356,5,202
2,1076938,5,38
2,174436,5,256
2,87046,5,35
2,20824,5,716
2,40759,5,186
2,173617,5,40
2,216151,5,73
1,142756,5,121
1,1021264,5,40
2,210868,5,23
4,1003147,5,274
2,1098502,5,21
3,1064572,5,53
1,839374,5,157
2,399220,5,81
2,1006090,5,53
2,1070818,5,61
3,1047130,5,251
1,1081339,5,67
2,1101553,5,23
1,1081321,5,56
4,872260,5,48
3,1081078,5,52
2,64978,5,25
2,248272,5,95
2,836152,5,66
1,1030948,5,18
1,24136,5,79
1,1044691,5,64
3,397213,5,77
1,38518,5,31
2,50785,5,94
1,370195,5,184
2,858886,5,32
4,1003192,5,75
2,9925,5,45
2,913561,5,46
1,35449,5,37
2,65788,5,29
2,43630,5,113
1,1032541,5,550
1,1044619,5,134
2,1090249,5,100
2,267496,5,30
4,1003156,5,239
2,111382,5,44
2,41830,5,73
3,1013335,5,29
1,1032532,5,375
2,32245,5,120
1,1061638,5,173
1,43657,5,36
2,1090258,5,100
1,755584,5,197
2,999403,5,41
2,1071124,5,65
2,99079,5,75
2,225259,5,34
1,124774,5,81
1,1032559,5,40
2,213802,5,25
2,1105018,5,27
1,1044610,5,32
4,1060909,5,238
3,37861,5,473
2,1006108,5,42
4,1003183,5,57
1,1015621,5,11
1,1049776,5,72
1,1084498,5,94
2,1092184,5,47
3,132334,5,63
3,1081087,5,115
4,753613,5,108
1,1090105,5,17
1,3418,5,185
2,865933,5,69
2,1076929,5,15
2,130993,5,113
1,145330,5,28
1,1067128,5,18
2,86974,5,52
1,1068883,5,16
2,1006099,5,34
1,1090303,5,7
2,111436,5,21
3,1097143,5,98
3,7666,5,89
1,35530,5,53
1,1090294,5,16
1,1090114,5,15
1,37510,5,25
2,117610,6,102
4,836584,6,706
2,1067092,6,448
2,815101,6,113
2,39436,6,51
1,371239,6,32
2,1103056,6,81
2,836125,6,163
3,131983,6,143
1,76399,6,86
2,172033,6,448
2,1067074,6,174
2,1071106,6,117
2,30877,6,340
2,110320,6,167
2,877624,6,97
2,1044502,6,60
2,745945,6,96
1,59047,6,15
1,42424,6,110
2,57058,6,23
1,3427,6,166
3,1090024,6,64
3,16936,6,240
1,1048975,6,54
1,1047967,6,513
4,1074823,6,1218
3,1066570,6,312
3,169504,6,2772
1,1056463,6,161
2,87559,6,67
2,1098493,6,34
2,59749,6,158
1,1075651,6,41
2,267478,6,36
1,371104,6,24
1,416212,6,34
2,1064473,6,160
1,1067119,6,82
2,132028,6,749
1,1061341,6,154
3,1060630,6,167
3,1101661,6,100
2,1071115,6,54
1,17287,6,65
3,88450,6,395
2,1026871,6,46
1,1054978,6,195
1,119554,6,631
4,1024810,6,225
2,138742,6,102
1,17296,6,2203
3,893824,6,208
2,1101571,6,20
4,731104,6,56
2,124954,6,130
2,1076920,6,39
2,1101562,6,33
4,123307,6,1539
2,837943,6,389
2,118033,6,47
1,1044682,6,154
4,245581,6,277
1,1058713,6,149
2,1090276,6,49
1,36898,6,265
3,1081060,6,329
2,1105027,6,45
2,906595,6,35
2,172582,6,60
2,903976,6,103
1,35584,6,15
2,23569,6,139
4,1082743,6,30
2,906586,6,40
3,1063600,6,44
2,262384,6,55
2,1070836,6,87
2,1105009,6,50
2,838456,6,62
2,1010068,6,77
2,1090240,6,95
2,687616,6,46
1,839356,6,140
2,174436,6,287
2,87046,6,30
2,1076938,6,28
1,1032568,6,26
2,40759,6,174
2,173617,6,28
2,216151,6,78
1,142756,6,122
1,1021264,6,36
2,210868,6,26
4,1003147,6,248
2,1098502,6,28
1,839374,6,91
2,399220,6,93
2,1006090,6,61
2,1070818,6,60
3,1047130,6,237
2,1101553,6,24
4,872260,6,37
3,1081078,6,53
2,64978,6,29
2,248272,6,98
2,20824,6,728
1,1032586,6,71
2,836152,6,78
1,1030948,6,15
1,24136,6,60
1,1044691,6,85
3,397213,6,35
3,1081069,6,64
1,38518,6,49
1,1081321,6,54
2,858886,6,31
4,1003192,6,97
2,9925,6,44
2,913561,6,39
1,1032550,6,35
2,65788,6,41
1,370195,6,200
2,43630,6,112
1,1044619,6,116
2,1090249,6,110
2,267496,6,42
4,1003156,6,246
2,41830,6,73
2,1006009,6,19
3,1013335,6,24
1,1032532,6,356
2,32245,6,136
1,1061638,6,181
1,43657,6,36
1,145978,6,136
2,50785,6,69
4,23200,6,348
2,1071124,6,47
2,99079,6,88
1,42496,6,114
1,1050046,6,85
3,1064572,6,45
1,124774,6,87
1,1032559,6,43
1,1085749,6,32
2,213802,6,29
2,1105018,6,32
1,35449,6,37
1,1044610,6,32
4,1060909,6,288
1,43738,6,64
2,1101769,6,61
1,1032541,6,515
1,755584,6,176
1,379249,6,158
2,111382,6,58
2,1006108,6,70
4,1003183,6,56
1,1015621,6,12
1,1049776,6,98
3,37861,6,438
1,1084498,6,123
2,1092184,6,62
3,132334,6,98
3,1081087,6,156
4,753613,6,104
1,1081339,6,71
1,1090105,6,20
1,3418,6,192
2,225259,6,40
2,75886,6,39
2,1076929,6,12
1,86992,6,183
2,130993,6,76
1,48940,6,58
2,211309,6,60
1,1067128,6,20
2,999403,6,44
2,86974,6,38
1,1068883,6,15
2,865933,6,55
2,1090258,6,58
2,111436,6,28
1,145330,6,36
3,1097143,6,82
3,7666,6,156
1,35530,6,45
2,1006099,6,26
1,1090294,6,28
1,1090114,6,17
1,1090303,6,9
1,37510,6,14
4,836584,7,684
1,1061341,7,132
1,1044610,7,42
1,59047,7,28
2,39436,7,44
1,371239,7,51
4,1060909,7,235
2,1103056,7,75
2,836125,7,166
3,131983,7,149
1,76399,7,79
2,1010068,7,135
1,1021264,7,55
2,118033,7,47
2,110320,7,203
1,145978,7,154
1,1050046,7,154
2,1044502,7,57
2,43630,7,122
2,745945,7,71
2,87046,7,35
4,1024810,7,237
1,42424,7,133
2,57058,7,16
1,3427,7,197
3,1090024,7,66
3,16936,7,242
1,1048975,7,61
1,1047967,7,502
4,1074823,7,1025
3,1066570,7,291
2,173617,7,42
2,1071106,7,106
3,169504,7,2607
1,1032541,7,392
4,1003156,7,234
3,1081087,7,148
1,1056463,7,144
2,87559,7,64
2,59749,7,187
2,41830,7,77
1,42496,7,145
2,267478,7,32
1,371104,7,44
1,370195,7,188
1,416212,7,40
2,1064473,7,147
1,1067119,7,73
2,132028,7,743
1,37510,7,17
3,1060630,7,148
3,1101661,7,109
2,1071115,7,49
3,88450,7,370
1,1032559,7,46
2,1026871,7,36
1,35530,7,46
1,1054978,7,198
1,1058713,7,149
2,1067074,7,148
2,30877,7,294
1,119554,7,715
2,138742,7,97
4,245581,7,320
2,1067092,7,395
1,17296,7,2040
1,48940,7,55
2,1101571,7,17
1,1032586,7,72
1,1044682,7,217
4,731104,7,73
1,145330,7,52
2,172033,7,217
2,124954,7,100
2,1076920,7,38
2,1101562,7,29
4,123307,7,1514
1,379249,7,181
2,837943,7,394
2,32245,7,148
1,1044691,7,98
2,1090276,7,41
1,1049776,7,101
2,248272,7,88
1,36898,7,290
3,1081060,7,251
2,1105027,7,45
2,906595,7,36
2,172582,7,96
2,903976,7,95
4,23200,7,444
2,99079,7,91
1,35584,7,21
1,1044619,7,144
1,86992,7,184
4,1082743,7,53
3,1063600,7,39
2,1070836,7,88
2,1105009,7,40
3,7666,7,241
4,872260,7,42
2,838456,7,66
1,142756,7,123
1,17287,7,82
2,1090240,7,127
2,687616,7,71
2,865933,7,64
2,174436,7,255
1,1032568,7,31
2,40759,7,228
3,1047130,7,231
1,1032550,7,46
1,1081321,7,54
2,836152,7,106
4,1003147,7,216
2,65788,7,48
1,43657,7,32
1,3418,7,239
1,839374,7,93
1,124774,7,87
2,399220,7,100
2,1006090,7,52
2,1070818,7,47
1,1068883,7,22
2,1101553,7,25
3,1081078,7,63
2,64978,7,32
2,117610,7,54
2,20824,7,516
1,1030948,7,17
3,132334,7,129
2,23569,7,100
1,24136,7,71
1,755584,7,190
3,397213,7,39
1,43738,7,74
1,38518,7,68
2,877624,7,113
2,858886,7,39
2,9925,7,49
2,913561,7,38
2,1090249,7,116
2,906586,7,41
2,267496,7,40
2,262384,7,59
1,1032532,7,323
2,1006009,7,21
1,1061638,7,189
2,50785,7,69
3,1013335,7,21
1,1015621,7,13
2,815101,7,117
3,1081069,7,55
1,1090114,7,16
2,1071124,7,52
1,1084498,7,130
3,1064572,7,41
2,75886,7,35
2,111382,7,58
2,1098502,7,31
2,213802,7,34
2,1098493,7,28
2,1105018,7,25
4,1003192,7,86
2,1101769,7,41
2,1076938,7,28
4,1003183,7,59
2,1006108,7,67
2,86974,7,52
3,37861,7,459
2,216151,7,68
2,1092184,7,79
2,225259,7,46
4,753613,7,85
1,1081339,7,65
3,893824,7,192
2,1090258,7,106
1,35449,7,47
2,1076929,7,11
1,1075651,7,42
2,130993,7,82
1,839356,7,105
2,211309,7,61
1,1090105,7,19
1,1067128,7,22
2,999403,7,29
1,1090303,7,11
1,1090294,7,34
2,111436,7,34
3,1097143,7,90
2,210868,7,26
2,1006099,7,20
1,1085749,7,33
1,1077118,7,0
1,1061341,8,146
1,1044610,8,54
1,59047,8,32
4,1060909,8,193
2,1010068,8,127
1,1021264,8,52
1,76399,8,87
2,118033,8,42
1,145978,8,170
1,1050046,8,160
2,43630,8,118
2,87046,8,37
4,1024810,8,299
2,173617,8,126
2,1103056,8,62
1,1032541,8,329
4,1003156,8,231
3,1081087,8,152
2,41830,8,85
1,42496,8,189
1,3427,8,188
1,370195,8,229
1,37510,8,25
2,1064473,8,142
1,1032559,8,61
2,132028,8,682
1,35530,8,45
1,1058713,8,174
2,1067074,8,115
2,30877,8,298
4,245581,8,333
2,1067092,8,423
1,48940,8,57
1,1032586,8,81
1,1044682,8,237
1,145330,8,58
3,88450,8,314
1,379249,8,190
3,1060630,8,151
1,1047967,8,463
2,32245,8,131
1,1044691,8,89
1,1049776,8,130
2,248272,8,69
4,23200,8,608
2,99079,8,87
1,1044619,8,134
1,86992,8,209
3,7666,8,467
4,872260,8,46
1,142756,8,124
2,865933,8,75
2,174436,8,253
2,1071115,8,37
3,1047130,8,246
1,1032550,8,28
1,1081321,8,52
2,836152,8,106
2,59749,8,241
2,65788,8,49
2,837943,8,390
1,1054978,8,215
1,43657,8,29
1,3418,8,278
1,124774,8,95
2,124954,8,77
1,1068883,8,23
3,1066570,8,250
2,39436,8,50
3,132334,8,142
1,42424,8,152
1,755584,8,166
1,43738,8,82
1,36898,8,287
2,1071106,8,106
4,123307,8,1663
1,1048975,8,55
3,169504,8,2706
2,687616,8,80
4,1003147,8,215
1,35584,8,23
2,903976,8,100
2,1090249,8,72
2,262384,8,69
1,1032532,8,392
2,1006009,8,20
2,20824,8,498
1,1061638,8,214
2,50785,8,68
1,24136,8,83
1,119554,8,722
1,1015621,8,12
1,416212,8,34
2,815101,8,150
1,1090114,8,20
2,1006090,8,79
2,745945,8,52
2,858886,8,40
2,906586,8,41
2,172033,8,124
1,1084498,8,145
4,1074823,8,636
2,1090240,8,226
2,1044502,8,57
2,40759,8,289
3,1090024,8,67
2,75886,8,44
1,371239,8,52
2,111382,8,53
2,1098502,8,25
2,399220,8,127
4,836584,8,730
2,138742,8,102
3,1101661,8,129
4,1003183,8,52
2,1105018,8,25
2,9925,8,46
3,131983,8,136
2,86974,8,74
2,913561,8,46
1,1056463,8,161
2,216151,8,67
2,225259,8,52
3,16936,8,241
2,1070836,8,76
2,877624,8,108
3,37861,8,452
2,1090258,8,103
2,838456,8,70
2,110320,8,190
1,17287,8,73
2,836125,8,134
4,731104,8,63
2,1090276,8,29
1,35449,8,51
1,1075651,8,47
1,371104,8,56
2,213802,8,34
1,17296,8,2227
1,38518,8,77
1,839374,8,127
3,1081060,8,243
1,1090105,8,24
1,1067119,8,72
1,1032568,8,24
2,267496,8,42
1,1067128,8,25
3,1081078,8,55
3,893824,8,176
3,1063600,8,39
2,117610,8,76
1,839356,8,131
2,130993,8,34
2,87559,8,71
4,753613,8,94
2,1076920,8,38
1,1090303,8,19
1,1090294,8,41
2,111436,8,44
2,1105009,8,31
2,999403,8,29
2,1092184,8,78
1,1030948,8,25
3,1097143,8,99
3,1081069,8,52
4,1082743,8,47
2,1105027,8,52
2,210868,8,32
2,1006099,8,18
1,1085749,8,48
2,1076938,8,63
2,1026871,8,39
2,64978,8,29
3,1064572,8,34
2,23569,8,86
2,906595,8,37
2,1101562,8,36
2,172582,8,106
2,1101553,8,40
2,1071124,8,39
2,211309,8,51
3,1013335,8,20
2,267478,8,27
4,1003192,8,70
2,1101769,8,26
2,57058,8,24
2,1070818,8,47
2,1006108,8,62
1,1081339,8,73
1,1077118,8,24
2,1098493,8,27
2,1076929,8,12
2,1101571,8,13
3,397213,8,35
1,1061341,9,184
1,1044610,9,57
1,59047,9,36
4,1060909,9,230
2,1010068,9,128
1,1021264,9,57
1,76399,9,114
2,118033,9,46
1,145978,9,178
1,1050046,9,145
2,43630,9,112
2,87046,9,41
4,1024810,9,386
2,173617,9,140
2,1103056,9,57
1,1032541,9,378
4,1003156,9,315
3,1081087,9,118
2,41830,9,68
1,42496,9,207
1,3427,9,238
1,370195,9,271
1,37510,9,24
2,1064473,9,146
1,1032559,9,93
2,132028,9,610
1,35530,9,42
1,1058713,9,192
2,1067074,9,117
2,30877,9,312
4,245581,9,363
2,1067092,9,390
1,48940,9,52
1,1032586,9,87
1,1044682,9,215
1,145330,9,72
3,88450,9,310
1,379249,9,268
3,1060630,9,142
1,1047967,9,445
2,32245,9,147
1,1044691,9,90
1,1049776,9,167
2,248272,9,68
4,23200,9,620
2,99079,9,99
1,1044619,9,182
1,86992,9,215
3,7666,9,551
4,872260,9,48
1,142756,9,136
2,865933,9,100
2,174436,9,227
2,1071115,9,30
3,1047130,9,234
1,1032550,9,34
1,1081321,9,69
2,836152,9,109
2,59749,9,305
2,65788,9,50
2,837943,9,376
1,1054978,9,195
1,43657,9,33
1,3418,9,308
1,124774,9,103
2,124954,9,68
1,1068883,9,23
3,1066570,9,183
2,39436,9,62
3,132334,9,152
1,42424,9,196
1,755584,9,134
1,43738,9,91
1,36898,9,295
2,1071106,9,105
4,123307,9,2012
1,1048975,9,56
3,169504,9,2710
2,687616,9,95
4,1003147,9,199
1,35584,9,43
2,903976,9,91
2,1090249,9,80
2,262384,9,79
1,1032532,9,469
2,1006009,9,22
2,20824,9,488
1,1061638,9,259
2,50785,9,44
1,24136,9,98
1,119554,9,744
1,1015621,9,15
1,416212,9,29
2,815101,9,155
1,1090114,9,18
2,1006090,9,86
2,745945,9,39
2,858886,9,42
2,906586,9,38
2,172033,9,67
1,1084498,9,133
4,1074823,9,297
2,1090240,9,229
2,1044502,9,60
2,40759,9,425
3,1090024,9,54
2,75886,9,48
1,371239,9,69
2,111382,9,51
2,1098502,9,28
2,399220,9,209
4,836584,9,591
2,138742,9,120
3,1101661,9,142
4,1003183,9,33
2,1105018,9,34
2,9925,9,50
3,131983,9,147
2,86974,9,71
2,913561,9,42
1,1056463,9,177
2,216151,9,66
2,225259,9,60
3,16936,9,105
2,1070836,9,72
2,877624,9,121
3,37861,9,462
2,1090258,9,107
2,838456,9,87
2,110320,9,214
1,17287,9,80
2,836125,9,136
4,731104,9,71
2,1090276,9,31
1,35449,9,55
1,1075651,9,61
1,371104,9,64
2,213802,9,43
1,17296,9,2080
1,38518,9,84
1,839374,9,138
3,1081060,9,228
1,1090105,9,25
1,1067119,9,74
1,1032568,9,28
2,267496,9,45
1,1067128,9,30
3,1081078,9,58
3,893824,9,141
3,1063600,9,44
2,117610,9,53
1,839356,9,124
2,130993,9,35
2,87559,9,117
4,753613,9,82
2,1076920,9,53
1,1090303,9,35
1,1090294,9,38
2,111436,9,47
2,1105009,9,27
2,999403,9,47
2,1092184,9,96
1,1030948,9,25
3,1097143,9,109
3,1081069,9,54
4,1082743,9,52
2,1105027,9,46
2,210868,9,35
2,1006099,9,19
1,1085749,9,52
2,1076938,9,72
2,1026871,9,39
2,64978,9,28
3,1064572,9,38
2,23569,9,82
2,906595,9,46
2,1101562,9,66
2,172582,9,111
2,1101553,9,43
2,1071124,9,41
2,211309,9,54
3,1013335,9,24
2,1070818,9,38
1,1081339,9,90
2,1101769,9,7
1,1077118,9,44
4,1003192,9,84
2,57058,9,22
2,1101571,9,11
2,1098493,9,29
2,1076929,9,39
3,397213,9,45
2,1006108,9,61
2,267478,9,20
1,1061341,10,177
1,1044610,10,74
1,59047,10,35
4,1060909,10,219
2,1010068,10,128
1,1021264,10,82
1,76399,10,119
2,118033,10,72
1,145978,10,184
1,1050046,10,160
2,43630,10,101
2,87046,10,65
4,1024810,10,406
2,173617,10,167
2,1103056,10,53
1,1032541,10,447
4,1003156,10,413
3,1081087,10,85
2,41830,10,69
1,42496,10,221
1,3427,10,218
1,370195,10,318
1,37510,10,26
2,1064473,10,123
1,1032559,10,106
2,132028,10,486
1,35530,10,42
1,1058713,10,196
2,1067074,10,120
2,30877,10,282
4,245581,10,379
2,1067092,10,356
1,48940,10,58
1,1032586,10,80
1,1044682,10,215
1,145330,10,84
3,88450,10,345
1,379249,10,343
3,1060630,10,121
1,1047967,10,421
2,32245,10,147
1,1044691,10,69
1,1049776,10,149
2,248272,10,76
4,23200,10,561
2,99079,10,81
1,1044619,10,180
1,86992,10,235
3,7666,10,571
4,872260,10,61
1,142756,10,152
2,865933,10,83
2,174436,10,177
2,1071115,10,14
3,1047130,10,237
1,1032550,10,38
1,1081321,10,74
2,836152,10,109
2,59749,10,345
2,65788,10,46
2,837943,10,362
1,1054978,10,160
1,43657,10,40
1,3418,10,302
1,124774,10,106
2,124954,10,63
1,1068883,10,26
3,1066570,10,236
2,39436,10,64
3,132334,10,132
1,42424,10,192
1,755584,10,105
1,43738,10,82
1,36898,10,287
2,1071106,10,97
4,123307,10,2343
1,1048975,10,53
3,169504,10,2688
2,687616,10,92
4,1003147,10,209
1,35584,10,43
2,903976,10,70
2,1090249,10,77
2,262384,10,69
1,1032532,10,475
2,1006009,10,19
2,20824,10,459
1,1061638,10,257
2,50785,10,34
1,24136,10,101
1,119554,10,713
1,1015621,10,17
1,416212,10,27
2,815101,10,146
1,1090114,10,14
2,1006090,10,110
2,745945,10,52
2,858886,10,39
2,906586,10,41
2,172033,10,58
1,1084498,10,106
4,1074823,10,72
2,1090240,10,228
2,1044502,10,57
2,40759,10,438
3,1090024,10,43
2,75886,10,40
1,371239,10,89
2,111382,10,50
2,1098502,10,21
2,399220,10,269
4,836584,10,488
2,138742,10,103
3,1101661,10,142
4,1003183,10,36
2,1105018,10,36
2,9925,10,58
3,131983,10,154
2,86974,10,102
2,913561,10,39
1,1056463,10,162
2,216151,10,62
2,225259,10,57
3,16936,10,118
2,1070836,10,53
2,877624,10,161
3,37861,10,468
2,1090258,10,106
2,838456,10,80
2,110320,10,214
1,17287,10,66
2,836125,10,133
4,731104,10,87
2,1090276,10,33
1,35449,10,51
1,1075651,10,67
1,371104,10,63
2,213802,10,37
1,17296,10,2091
1,38518,10,76
1,839374,10,146
3,1081060,10,152
1,1090105,10,22
1,1067119,10,87
1,1032568,10,30
2,267496,10,42
1,1067128,10,39
3,1081078,10,53
3,893824,10,108
3,1063600,10,38
2,117610,10,45
1,839356,10,133
2,130993,10,55
2,87559,10,147
4,753613,10,87
2,1076920,10,50
1,1090303,10,34
1,1090294,10,31
2,111436,10,53
2,1105009,10,25
2,999403,10,67
2,1092184,10,99
1,1030948,10,25
3,1097143,10,154
3,1081069,10,54
4,1082743,10,62
2,1105027,10,41
2,210868,10,35
2,1006099,10,18
1,1085749,10,52
2,1076938,10,71
2,1026871,10,32
2,64978,10,15
3,1064572,10,42
2,23569,10,81
2,906595,10,51
2,1101562,10,72
2,172582,10,105
2,1101553,10,43
2,1071124,10,28
2,211309,10,46
3,1013335,10,27
2,1076929,10,106
2,1101571,10,156
2,1070818,10,32
1,1077118,10,63
1,1081339,10,99
2,1101769,10,0
4,1003192,10,81
3,397213,10,51
2,1098493,10,38
2,57058,10,27
2,267478,10,16
2,1006108,10,26
2,903976,11,68
1,371239,11,123
3,1081087,11,87
3,169504,11,2541
1,1048975,11,50
2,213802,11,31
2,877624,11,148
4,1060909,11,241
1,43657,11,39
1,1032559,11,98
1,38518,11,84
3,1047130,11,230
2,1006108,11,84
1,1047967,11,397
2,59749,11,328
1,42424,11,191
1,839374,11,229
1,1032532,11,539
3,131983,11,167
3,1060630,11,132
1,36898,11,311
2,836125,11,121
1,1044682,11,208
2,75886,11,48
2,111382,11,39
4,123307,11,2424
3,37861,11,537
3,1063600,11,50
2,20824,11,431
3,1097143,11,252
2,132028,11,445
2,110320,11,189
1,1050046,11,195
2,1064473,11,126
2,1090249,11,94
2,1105018,11,36
2,211309,11,45
4,1003147,11,277
2,1101562,11,78
1,17296,11,2254
2,399220,11,270
1,1068883,11,20
2,86974,11,107
4,1003156,11,462
1,35530,11,36
2,1067092,11,355
1,119554,11,815
1,1084498,11,103
1,17287,11,62
3,1090024,11,54
2,172033,11,57
4,1003183,11,51
3,1081060,11,159
1,755584,11,115
2,124954,11,63
2,248272,11,81
2,815101,11,145
1,145330,11,75
1,3418,11,298
3,16936,11,158
3,88450,11,316
1,1067119,11,96
1,1081321,11,91
1,1030948,11,28
2,30877,11,208
1,1032541,11,473
3,893824,11,114
1,86992,11,243
1,1077118,11,78
4,1003192,11,102
1,142756,11,155
2,32245,11,183
4,836584,11,509
1,145978,11,182
1,370195,11,291
2,41830,11,80
2,87046,11,57
1,1054978,11,156
1,1085749,11,56
1,1056463,11,238
3,1066570,11,239
1,1058713,11,199
1,48940,11,65
1,379249,11,378
2,1070836,11,40
3,1064572,11,48
1,1032586,11,71
1,1015621,11,16
2,99079,11,95
4,731104,11,96
2,1076920,11,44
2,1006090,11,108
2,1090258,11,17
2,173617,11,197
2,1071106,11,101
2,906595,11,49
2,174436,11,170
3,1081069,11,63
3,1013335,11,36
4,753613,11,110
3,1101661,11,128
2,1010068,11,35
1,371104,11,44
1,124774,11,108
2,745945,11,59
2,1090240,11,269
2,836152,11,67
2,40759,11,405
2,118033,11,86
2,1101553,11,55
4,1074823,11,82
1,24136,11,99
1,76399,11,134
1,35584,11,40
2,210868,11,26
2,138742,11,100
2,837943,11,346
2,1067074,11,122
4,872260,11,69
3,1081078,11,55
2,50785,11,27
1,839356,11,146
1,3427,11,236
2,216151,11,65
2,999403,11,82
1,1061638,11,242
1,1075651,11,64
2,1090276,11,29
2,1006009,11,20
2,1092184,11,85
1,35449,11,49
1,1090105,11,26
2,1026871,11,24
2,172582,11,81
1,42496,11,221
2,1101769,11,4
1,1067128,11,48
2,9925,11,60
2,65788,11,45
3,7666,11,523
2,687616,11,85
4,245581,11,363
2,87559,11,160
3,397213,11,69
2,267496,11,39
1,1061341,11,212
2,262384,11,68
1,1044610,11,74
3,132334,11,130
2,267478,11,20
2,1098493,11,43
4,1082743,11,62
2,913561,11,28
1,43738,11,78
2,1070818,11,38
2,1105027,11,44
2,838456,11,86
2,117610,11,54
1,1090303,11,33
2,1103056,11,46
1,1090114,11,16
1,416212,11,23
1,1044619,11,199
1,1049776,11,127
1,1032568,11,27
1,37510,11,23
2,906586,11,43
2,57058,11,34
1,1081339,11,101
2,858886,11,38
2,130993,11,59
2,64978,11,13
2,1006099,11,16
1,1032550,11,35
1,1090294,11,29
1,1044691,11,71
1,59047,11,28
4,1024810,11,403
2,1044502,11,57
2,1076929,11,134
2,43630,11,86
2,23569,11,72
2,1071124,11,32
2,865933,11,70
2,1071115,11,19
2,1101571,11,156
2,225259,11,47
2,39436,11,69
2,111436,11,44
2,1076938,11,66
4,23200,11,367
2,1098502,11,19
2,1105009,11,18
1,1021264,11,65
2,903976,12,71
1,371239,12,133
3,1081087,12,54
3,169504,12,2408
1,1048975,12,63
2,213802,12,33
2,877624,12,150
4,1060909,12,361
1,43657,12,42
1,1032559,12,93
1,38518,12,74
3,1047130,12,203
2,1006108,12,186
1,1047967,12,497
2,59749,12,302
1,42424,12,195
1,839374,12,267
1,1032532,12,466
3,131983,12,156
3,1060630,12,120
1,36898,12,331
2,836125,12,125
1,1044682,12,191
2,75886,12,44
2,111382,12,43
4,123307,12,2575
3,37861,12,627
3,1063600,12,53
2,20824,12,447
3,1097143,12,274
2,132028,12,503
2,110320,12,217
1,1050046,12,129
2,1064473,12,133
2,1090249,12,91
2,1105018,12,37
2,211309,12,34
4,1003147,12,431
2,1101562,12,76
1,17296,12,2190
2,399220,12,256
1,1068883,12,20
2,86974,12,125
4,1003156,12,541
1,35530,12,53
2,1067092,12,322
1,119554,12,768
1,1084498,12,101
1,17287,12,74
3,1090024,12,61
2,172033,12,57
4,1003183,12,52
3,1081060,12,152
1,755584,12,173
2,124954,12,66
2,248272,12,95
2,815101,12,104
1,145330,12,70
1,3418,12,270
3,16936,12,222
3,88450,12,327
1,1067119,12,117
1,1081321,12,99
1,1030948,12,18
2,30877,12,231
1,1032541,12,400
3,893824,12,123
1,86992,12,214
1,1077118,12,69
4,1003192,12,126
1,142756,12,173
2,32245,12,187
4,836584,12,560
1,145978,12,176
1,370195,12,268
2,41830,12,76
2,87046,12,54
1,1054978,12,182
1,1085749,12,52
1,1056463,12,230
3,1066570,12,217
1,1058713,12,177
1,48940,12,90
1,379249,12,366
2,1070836,12,43
3,1064572,12,50
1,1032586,12,78
1,1015621,12,21
2,99079,12,91
4,731104,12,86
2,1076920,12,37
2,1006090,12,82
2,1090258,12,57
2,173617,12,136
2,1071106,12,99
2,906595,12,46
2,174436,12,166
3,1081069,12,57
3,1013335,12,48
4,753613,12,148
3,1101661,12,175
2,1010068,12,39
1,371104,12,33
1,124774,12,137
2,745945,12,64
2,1090240,12,239
2,836152,12,76
2,40759,12,351
2,118033,12,89
2,1101553,12,41
4,1074823,12,135
1,24136,12,111
1,76399,12,168
1,35584,12,47
2,210868,12,36
2,138742,12,99
2,837943,12,317
2,1067074,12,111
4,872260,12,104
3,1081078,12,50
2,50785,12,33
1,839356,12,159
1,3427,12,229
2,216151,12,73
2,999403,12,100
1,1061638,12,197
1,1075651,12,59
2,1090276,12,34
2,1006009,12,16
2,1092184,12,92
1,35449,12,48
1,1090105,12,30
2,1026871,12,20
2,172582,12,75
1,42496,12,159
2,1101769,12,11
1,1067128,12,46
2,9925,12,57
2,65788,12,39
3,7666,12,325
2,687616,12,84
4,245581,12,383
2,87559,12,174
3,397213,12,79
2,267496,12,40
1,1061341,12,206
2,262384,12,68
1,1044610,12,73
3,132334,12,121
2,267478,12,27
2,1098493,12,52
4,1082743,12,71
2,913561,12,20
1,43738,12,90
2,1070818,12,33
2,1105027,12,36
2,838456,12,96
2,117610,12,31
1,1090303,12,36
2,1103056,12,60
1,1090114,12,18
1,416212,12,26
1,1044619,12,190
1,1049776,12,91
1,1032568,12,23
1,37510,12,24
2,906586,12,39
2,57058,12,26
1,1081339,12,78
2,858886,12,40
2,130993,12,72
2,64978,12,11
2,1006099,12,22
1,1032550,12,66
1,1090294,12,28
1,1044691,12,79
1,59047,12,39
4,1024810,12,308
2,1044502,12,56
2,1076929,12,128
2,43630,12,99
2,23569,12,71
2,1071124,12,41
2,865933,12,76
2,1071115,12,18
2,1076938,12,65
2,1101571,12,173
2,225259,12,45
2,39436,12,66
2,111436,12,43
2,1098502,12,19
4,23200,12,170
2,1105009,12,22
1,1021264,12,71
2,903976,13,86
1,371239,13,119
3,1081087,13,38
3,169504,13,2290
1,1048975,13,63
2,213802,13,28
2,877624,13,148
4,1060909,13,365
1,43657,13,37
1,1032559,13,91
1,38518,13,76
3,1047130,13,221
2,1006108,13,180
1,1047967,13,481
2,59749,13,251
1,42424,13,165
1,839374,13,273
1,1032532,13,413
3,131983,13,127
3,1060630,13,100
1,36898,13,404
2,836125,13,112
1,1044682,13,180
2,75886,13,30
2,111382,13,47
4,123307,13,2467
3,37861,13,624
3,1063600,13,55
2,20824,13,427
3,1097143,13,285
2,132028,13,521
2,110320,13,205
1,1050046,13,152
2,1064473,13,165
2,1090249,13,59
2,1105018,13,32
2,211309,13,24
4,1003147,13,438
2,1101562,13,44
1,17296,13,2518
2,399220,13,188
1,1068883,13,18
2,86974,13,134
4,1003156,13,556
1,35530,13,50
2,1067092,13,348
1,119554,13,825
1,1084498,13,102
1,17287,13,82
3,1090024,13,71
2,172033,13,45
4,1003183,13,78
3,1081060,13,121
1,755584,13,233
2,124954,13,53
2,248272,13,92
2,815101,13,100
1,145330,13,60
1,3418,13,294
3,16936,13,249
3,88450,13,348
1,1067119,13,125
1,1081321,13,77
1,1030948,13,22
2,30877,13,240
1,1032541,13,396
3,893824,13,147
1,86992,13,244
1,1077118,13,69
4,1003192,13,151
1,142756,13,185
2,32245,13,195
4,836584,13,440
1,145978,13,165
1,370195,13,205
2,41830,13,74
2,87046,13,55
1,1054978,13,197
1,1085749,13,49
1,1056463,13,260
3,1066570,13,197
1,1058713,13,168
1,48940,13,73
1,379249,13,339
2,1070836,13,38
3,1064572,13,42
1,1032586,13,87
1,1015621,13,23
2,99079,13,101
4,731104,13,76
2,1076920,13,22
2,1006090,13,91
2,1090258,13,125
2,173617,13,132
2,1071106,13,94
2,906595,13,40
2,174436,13,170
3,1081069,13,58
3,1013335,13,55
4,753613,13,217
3,1101661,13,167
2,1010068,13,31
1,371104,13,39
1,124774,13,116
2,745945,13,69
2,1090240,13,224
2,836152,13,91
2,40759,13,232
2,118033,13,89
2,1101553,13,35
4,1074823,13,92
1,24136,13,133
1,76399,13,175
1,35584,13,34
2,210868,13,42
2,138742,13,102
2,837943,13,331
2,1067074,13,98
4,872260,13,112
3,1081078,13,53
2,50785,13,44
1,839356,13,273
1,3427,13,185
2,216151,13,72
2,999403,13,109
1,1061638,13,142
1,1075651,13,39
2,1090276,13,26
2,1006009,13,10
2,1092184,13,89
1,35449,13,32
1,1090105,13,27
2,1026871,13,25
2,172582,13,80
1,42496,13,161
2,1101769,13,28
1,1067128,13,46
2,9925,13,52
2,65788,13,39
3,7666,13,220
2,687616,13,62
4,245581,13,402
2,87559,13,136
3,397213,13,91
2,267496,13,38
1,1061341,13,130
2,262384,13,64
1,1044610,13,68
3,132334,13,115
2,267478,13,31
2,1098493,13,52
4,1082743,13,130
2,913561,13,23
1,43738,13,87
2,1070818,13,33
2,1105027,13,36
2,838456,13,88
2,117610,13,34
1,1090303,13,39
2,1103056,13,65
1,1090114,13,23
1,416212,13,31
1,1044619,13,179
1,1049776,13,81
1,1032568,13,43
1,37510,13,25
2,906586,13,45
2,57058,13,41
1,1081339,13,50
2,858886,13,44
2,130993,13,97
2,64978,13,11
2,1006099,13,40
1,1032550,13,69
1,1090294,13,30
1,1044691,13,83
1,59047,13,53
4,1024810,13,203
2,1044502,13,48
2,1076929,13,126
2,43630,13,107
2,23569,13,74
2,1071124,13,38
2,865933,13,61
2,1076938,13,36
2,1101571,13,263
2,225259,13,47
2,111436,13,53
2,1098502,13,21
4,23200,13,136
2,1071115,13,21
2,1105009,13,19
2,39436,13,69
1,1021264,13,67
1,370195,14,168
2,903976,14,92
1,1061341,14,119
1,371239,14,111
3,1081087,14,49
3,169504,14,2256
1,379249,14,304
1,1048975,14,66
2,213802,14,32
2,877624,14,111
4,1060909,14,367
1,43657,14,31
1,1032559,14,86
1,38518,14,76
2,1076938,14,139
3,1047130,14,218
2,1006108,14,183
1,1047967,14,473
2,59749,14,212
1,42424,14,183
2,262384,14,69
1,36898,14,385
1,839374,14,256
1,1032532,14,474
1,24136,14,140
3,131983,14,126
3,1060630,14,102
2,1067074,14,109
2,837943,14,326
2,836125,14,122
1,1044682,14,181
2,75886,14,30
2,111382,14,34
4,123307,14,2252
2,210868,14,44
3,37861,14,624
2,1090276,14,23
2,172033,14,43
1,142756,14,196
1,76399,14,175
3,1063600,14,56
2,20824,14,441
3,1097143,14,261
2,132028,14,675
2,110320,14,211
2,906586,14,42
4,245581,14,435
1,1050046,14,134
1,119554,14,799
2,1064473,14,225
2,1090249,14,43
2,1105018,14,36
2,211309,14,48
4,1003147,14,427
1,86992,14,250
2,1101562,14,37
2,124954,14,66
2,32245,14,195
1,17296,14,2409
2,399220,14,89
1,1068883,14,16
2,86974,14,103
4,1003156,14,534
1,35530,14,58
2,1067092,14,356
2,23569,14,78
1,1084498,14,106
1,17287,14,130
3,1090024,14,80
4,1003183,14,109
3,1081060,14,137
3,88450,14,299
1,755584,14,270
2,248272,14,85
2,815101,14,102
1,145330,14,54
1,3418,14,300
3,16936,14,248
1,1067119,14,115
2,1070818,14,29
1,1081321,14,62
1,1030948,14,23
2,30877,14,329
1,1032541,14,505
2,865933,14,59
3,893824,14,172
1,1044691,14,83
2,1101571,14,136
1,1077118,14,82
4,1003192,14,158
4,836584,14,414
1,1056463,14,266
1,145978,14,174
2,1090258,14,132
2,41830,14,73
2,87046,14,36
1,1054978,14,225
1,1085749,14,47
2,57058,14,35
3,1066570,14,160
2,745945,14,55
1,1058713,14,159
1,48940,14,81
2,216151,14,82
2,1070836,14,51
3,1064572,14,37
1,1032586,14,95
3,1013335,14,60
1,1015621,14,26
2,99079,14,94
2,111436,14,51
4,731104,14,54
2,1076920,14,19
2,1006090,14,99
2,173617,14,112
2,1071106,14,85
2,906595,14,36
2,174436,14,178
3,1081069,14,71
2,43630,14,120
4,753613,14,265
3,1101661,14,171
2,40759,14,209
2,999403,14,135
2,1010068,14,30
1,371104,14,39
1,124774,14,99
2,1090240,14,210
2,836152,14,84
2,118033,14,97
2,1101553,14,33
4,1074823,14,95
2,1071124,14,45
2,138742,14,95
1,35584,14,32
4,872260,14,93
3,1081078,14,46
2,50785,14,82
1,839356,14,339
1,1044619,14,166
1,3427,14,153
2,1105009,14,24
3,132334,14,106
1,1061638,14,63
1,1049776,14,88
1,1075651,14,28
2,838456,14,85
2,1006009,14,16
2,1092184,14,71
1,35449,14,46
1,1090105,14,27
2,1026871,14,37
2,172582,14,84
1,42496,14,146
2,1101769,14,47
1,1090294,14,33
2,87559,14,132
1,43738,14,94
1,1067128,14,48
2,687616,14,55
2,1098502,14,25
2,9925,14,44
2,39436,14,72
2,65788,14,40
3,7666,14,143
3,397213,14,113
2,267496,14,38
1,1044610,14,52
2,1103056,14,67
1,1021264,14,82
2,267478,14,25
2,1098493,14,46
4,1082743,14,174
2,913561,14,26
2,1105027,14,35
2,225259,14,40
2,117610,14,36
1,1090303,14,43
1,1090114,14,25
1,416212,14,34
2,1076929,14,20
1,1032568,14,39
1,37510,14,28
1,1081339,14,28
2,858886,14,39
2,130993,14,77
2,64978,14,10
2,1006099,14,48
1,1032550,14,64
1,59047,14,63
4,1024810,14,190
2,1044502,14,35
2,1071115,14,25
4,23200,14,6
1,370195,15,177
1,1061341,15,96
1,379249,15,306
2,1076938,15,135
2,262384,15,67
1,36898,15,360
1,24136,15,139
2,1067074,15,104
2,837943,15,353
2,210868,15,51
2,1090276,15,25
1,1032532,15,515
2,172033,15,50
1,142756,15,190
1,76399,15,194
2,110320,15,192
2,906586,15,48
4,245581,15,523
1,119554,15,734
3,169504,15,1783
1,86992,15,265
2,1105018,15,32
2,124954,15,81
2,32245,15,165
2,23569,15,87
3,1097143,15,233
3,88450,15,313
1,42424,15,197
1,17296,15,2291
2,1070818,15,20
1,43657,15,38
2,865933,15,78
1,1044691,15,67
3,1081087,15,35
2,1101571,15,128
1,1056463,15,207
1,145978,15,168
2,1090258,15,145
1,17287,15,138
3,37861,15,716
2,836125,15,228
2,30877,15,349
2,57058,15,44
1,755584,15,270
2,745945,15,50
2,216151,15,78
3,1013335,15,57
2,111436,15,48
2,1070836,15,64
4,1060909,15,298
3,1060630,15,98
2,43630,15,136
3,16936,15,269
2,40759,15,212
2,999403,15,119
2,132028,15,702
1,1047967,15,502
4,1003183,15,105
2,1006090,15,97
2,1071124,15,38
3,1081069,15,66
2,138742,15,103
1,48940,15,77
3,131983,15,113
2,1071106,15,74
1,1044619,15,154
2,1105009,15,28
1,1044682,15,193
3,132334,15,77
2,173617,15,86
2,1067092,15,382
1,1049776,15,104
2,838456,15,74
2,1064473,15,217
3,1064572,15,21
1,1090294,15,40
2,87559,15,112
2,1026871,15,44
2,20824,15,470
1,1068883,15,18
1,43738,15,105
1,1067128,15,43
1,3418,15,337
2,687616,15,58
1,3427,15,180
2,1098502,15,32
2,39436,15,72
4,123307,15,1816
2,877624,15,118
1,1058713,15,171
1,1015621,15,31
1,1048975,15,135
1,42496,15,164
3,893824,15,139
1,1075651,15,30
4,753613,15,303
1,1054978,15,229
2,248272,15,87
2,1103056,15,69
2,59749,15,185
1,1021264,15,57
2,172582,15,82
2,50785,15,87
3,1047130,15,239
2,1098493,15,47
1,371239,15,59
1,1050046,15,104
2,1006009,15,11
2,225259,15,58
1,839356,15,340
1,1032541,15,683
2,99079,15,81
1,1067119,15,120
2,1076929,15,23
3,1090024,15,117
2,815101,15,104
2,111382,15,43
2,1092184,15,88
2,41830,15,65
1,145330,15,55
2,174436,15,219
1,38518,15,71
1,1032568,15,40
1,1084498,15,111
1,416212,15,38
1,371104,15,44
1,1032559,15,89
2,1010068,15,24
3,7666,15,128
2,118033,15,76
2,906595,15,42
2,9925,15,42
2,903976,15,102
3,1101661,15,205
2,211309,15,69
1,1044610,15,48
1,59047,15,63
2,1105027,15,28
1,1032550,15,78
2,1076920,15,18
1,35449,15,68
2,65788,15,44
2,1006108,15,162
2,399220,15,79
4,836584,15,536
2,1090240,15,175
2,1101562,15,31
2,1044502,15,38
3,1081078,15,41
2,130993,15,73
1,839374,15,186
2,267478,15,27
4,1082743,15,156
4,1003156,15,506
2,267496,15,44
3,397213,15,97
4,872260,15,84
2,1101769,15,63
1,1077118,15,118
1,1032586,15,102
2,858886,15,38
1,124774,15,81
1,35584,15,36
1,1090105,15,20
1,35530,15,46
4,1003147,15,530
4,1003192,15,155
1,37510,15,30
1,1081321,15,36
2,1006099,15,60
2,86974,15,76
3,1081060,15,119
2,213802,15,40
1,1030948,15,21
4,1024810,15,215
2,1090249,15,8
2,117610,15,33
2,1101553,15,24
1,1090303,15,43
3,1066570,15,70
2,913561,15,26
1,1085749,15,59
3,1063600,15,52
2,836152,15,77
1,1061638,15,44
2,1071115,15,36
4,1074823,15,116
2,87046,15,25
1,1090114,15,25
4,731104,15,45
2,75886,15,25
2,64978,15,10
1,1081339,15,10
1,370195,16,155
1,1061341,16,37
2,865933,16,62
1,1054978,16,212
2,138742,16,91
1,379249,16,290
2,1076938,16,130
1,1044691,16,68
2,64978,16,13
1,48940,16,69
2,1064473,16,220
1,839374,16,176
4,1003192,16,189
2,913561,16,34
2,262384,16,65
1,36898,16,338
2,1006090,16,109
2,130993,16,85
1,24136,16,118
4,123307,16,1866
2,20824,16,460
2,32245,16,211
2,41830,16,63
2,1067074,16,109
2,837943,16,363
1,371104,16,44
2,210868,16,41
2,1090276,16,33
2,1101769,16,88
2,1090258,16,168
2,30877,16,357
1,1032532,16,516
2,172033,16,36
1,142756,16,220
1,76399,16,145
2,110320,16,152
2,906586,16,44
4,245581,16,527
1,119554,16,706
2,75886,16,28
2,1006108,16,49
3,169504,16,1542
3,131983,16,122
1,86992,16,307
2,1105018,16,30
2,172582,16,72
2,124954,16,94
1,1032541,16,704
4,1082743,16,204
2,9925,16,42
2,399220,16,98
2,23569,16,79
2,1070836,16,69
1,1067128,16,42
3,1047130,16,271
3,88450,16,312
3,1097143,16,261
1,1047967,16,433
3,1066570,16,66
1,42424,16,208
1,17296,16,2108
1,1032550,16,54
2,1010068,16,27
2,836125,16,237
2,1070818,16,26
3,1060630,16,82
1,43657,16,50
2,174436,16,211
3,1013335,16,51
2,1098493,16,39
3,1081087,16,33
2,1101571,16,130
1,42496,16,149
1,1056463,16,281
1,1032586,16,104
2,50785,16,94
1,145978,16,163
1,38518,16,79
2,216151,16,65
2,745945,16,45
1,17287,16,130
3,37861,16,757
3,1081078,16,32
4,1003183,16,127
2,57058,16,41
1,755584,16,275
1,35449,16,77
2,87559,16,107
2,815101,16,98
2,838456,16,59
2,1098502,16,32
1,3427,16,155
2,132028,16,675
2,118033,16,61
2,111436,16,44
4,753613,16,302
4,1060909,16,294
1,43738,16,86
1,1044682,16,168
2,43630,16,152
1,1032568,16,41
3,16936,16,232
2,40759,16,190
2,999403,16,105
1,1048975,16,147
1,839356,16,382
4,1003147,16,420
2,117610,16,32
1,416212,16,44
2,99079,16,80
2,211309,16,78
1,1075651,16,33
3,1090024,16,144
2,1071124,16,26
2,1067092,16,400
3,1081069,16,67
2,59749,16,158
3,1101661,16,185
1,1030948,16,24
2,877624,16,109
2,836152,16,63
1,1049776,16,122
2,1006009,16,16
1,1058713,16,183
2,1071106,16,69
1,1044619,16,130
2,1105009,16,30
1,1050046,16,94
3,132334,16,76
3,893824,16,160
2,1103056,16,57
2,173617,16,69
1,1090303,16,49
2,903976,16,105
1,1032559,16,84
2,687616,16,50
2,1092184,16,86
2,267478,16,32
2,39436,16,70
2,1105027,16,27
2,1101562,16,36
3,1064572,16,21
1,1068883,16,28
1,3418,16,337
1,1090294,16,51
1,1015621,16,32
2,1026871,16,51
2,1044502,16,40
3,7666,16,131
2,1076929,16,28
3,1063600,16,45
1,1090114,16,28
2,111382,16,41
1,1067119,16,112
2,248272,16,76
1,35530,16,33
1,1021264,16,55
1,371239,16,50
2,225259,16,58
1,1085749,16,58
1,35584,16,28
1,37510,16,31
2,1076920,16,21
1,145330,16,48
3,397213,16,95
1,1084498,16,100
2,906595,16,41
2,213802,16,40
1,1044610,16,35
1,59047,16,52
1,1077118,16,125
2,65788,16,38
4,836584,16,325
2,1090240,16,27
4,1003156,16,393
2,267496,16,39
4,872260,16,32
2,858886,16,39
1,1090105,16,13
2,1006099,16,81
2,86974,16,40
3,1081060,16,116
4,1024810,16,193
1,1061638,16,41
2,1071115,16,40
4,1074823,16,97
1,124774,16,37
2,87046,16,17
4,731104,16,31
1,1081321,16,9
1,1081339,16,7
2,1101553,16,8
1,370195,17,166
1,1061341,17,36
2,865933,17,58
1,1054978,17,175
2,138742,17,71
1,379249,17,218
2,1076938,17,127
1,1044691,17,61
2,64978,17,12
1,48940,17,67
2,1064473,17,167
1,839374,17,137
4,1003192,17,154
2,913561,17,29
2,262384,17,50
1,36898,17,220
2,1006090,17,80
2,130993,17,61
1,24136,17,90
4,123307,17,1469
2,20824,17,405
2,32245,17,159
2,41830,17,49
2,1067074,17,160
2,837943,17,274
1,371104,17,31
2,210868,17,30
2,1090276,17,31
2,1101769,17,93
2,1090258,17,65
2,30877,17,324
1,1032532,17,517
2,172033,17,28
1,142756,17,175
1,76399,17,79
2,110320,17,123
2,906586,17,31
4,245581,17,466
1,119554,17,536
2,75886,17,31
2,1006108,17,51
3,169504,17,1191
3,131983,17,115
1,86992,17,261
2,1105018,17,25
2,172582,17,53
2,124954,17,92
1,1032541,17,758
4,1082743,17,148
2,9925,17,29
2,399220,17,82
2,23569,17,66
2,1070836,17,65
1,1067128,17,37
3,1047130,17,232
3,88450,17,234
3,1097143,17,235
1,1047967,17,332
3,1066570,17,55
1,42424,17,172
1,17296,17,1298
1,1032550,17,49
2,1010068,17,27
2,836125,17,215
2,1070818,17,24
3,1060630,17,81
1,43657,17,49
2,174436,17,181
3,1013335,17,37
2,1098493,17,35
3,1081087,17,33
2,1101571,17,33
1,42496,17,120
1,1056463,17,233
1,1032586,17,78
2,50785,17,130
1,145978,17,129
1,38518,17,71
2,216151,17,52
2,745945,17,37
1,17287,17,116
3,37861,17,680
3,1081078,17,25
4,1003183,17,115
2,57058,17,26
1,755584,17,161
1,35449,17,66
2,87559,17,93
2,815101,17,80
2,838456,17,46
2,1098502,17,29
1,3427,17,126
2,132028,17,600
2,118033,17,51
2,111436,17,31
4,753613,17,241
4,1060909,17,265
1,43738,17,62
1,1044682,17,138
2,43630,17,131
1,1032568,17,17
3,16936,17,198
2,40759,17,152
2,999403,17,80
1,1048975,17,139
1,839356,17,257
4,1003147,17,341
2,117610,17,25
1,416212,17,40
2,99079,17,53
2,211309,17,78
1,1075651,17,38
3,1090024,17,140
2,1071124,17,21
2,1067092,17,329
3,1081069,17,48
2,59749,17,137
3,1101661,17,134
1,1030948,17,20
2,877624,17,87
2,836152,17,44
1,1049776,17,87
2,1006009,17,15
1,1058713,17,160
2,1071106,17,58
1,1044619,17,131
2,1105009,17,29
1,1050046,17,64
3,132334,17,48
3,893824,17,124
2,1103056,17,46
2,173617,17,61
1,1090303,17,34
2,903976,17,80
1,1032559,17,60
2,687616,17,45
2,1092184,17,76
2,267478,17,27
2,39436,17,66
2,1105027,17,25
2,1101562,17,21
3,1064572,17,20
1,1068883,17,27
1,3418,17,284
1,1090294,17,39
1,1015621,17,28
2,1026871,17,38
2,1044502,17,43
3,7666,17,104
2,1076929,17,26
3,1063600,17,28
1,1090114,17,20
2,111382,17,37
1,1067119,17,94
2,248272,17,68
1,35530,17,23
1,1021264,17,42
1,371239,17,35
2,225259,17,45
1,1085749,17,43
1,35584,17,19
1,37510,17,26
2,1076920,17,18
1,145330,17,42
3,397213,17,71
1,1084498,17,75
2,906595,17,38
2,213802,17,33
1,1044610,17,21
1,59047,17,28
1,1077118,17,106
2,65788,17,34
4,836584,17,325
2,1090240,17,27
4,1003156,17,298
2,267496,17,32
4,872260,17,21
2,858886,17,27
1,1090105,17,12
2,1006099,17,49
2,86974,17,8
3,1081060,17,106
4,1024810,17,200
1,1061638,17,9
2,1071115,17,38
4,1074823,17,85
1,124774,17,15
2,87046,17,2
1,1081321,17,3
1,1081339,17,1
2,1101553,17,7
4,23200,17,5
4,731104,17,12
2,865933,18,45
1,1054978,18,120
2,138742,18,38
1,1044691,18,47
2,64978,18,9
1,48940,18,47
2,1064473,18,65
1,839374,18,137
4,1003192,18,139
2,913561,18,22
2,1006090,18,41
2,130993,18,49
4,123307,18,1001
2,20824,18,290
2,32245,18,118
2,41830,18,33
1,371104,18,26
2,1101769,18,73
2,1090258,18,60
2,30877,18,186
2,75886,18,31
2,1006108,18,40
3,131983,18,71
2,172582,18,37
1,1032541,18,526
4,1082743,18,100
2,9925,18,17
2,399220,18,69
2,837943,18,200
1,86992,18,178
2,1070836,18,45
1,1067128,18,23
3,1047130,18,159
3,88450,18,128
2,124954,18,69
1,24136,18,45
1,1047967,18,242
3,1066570,18,25
1,17296,18,1023
1,1032550,18,38
2,1010068,18,17
2,836125,18,187
3,1060630,18,65
1,1032532,18,380
2,174436,18,142
3,1013335,18,21
2,1098493,18,21
1,42496,18,89
1,1032586,18,57
2,50785,18,79
1,38518,18,61
2,216151,18,32
2,745945,18,26
3,1081078,18,13
4,1003183,18,75
1,35449,18,54
2,87559,18,68
2,1067074,18,117
2,23569,18,39
2,815101,18,55
2,838456,18,30
2,210868,18,20
2,1098502,18,15
1,3427,18,104
2,132028,18,305
2,118033,18,33
4,753613,18,162
1,43738,18,44
2,1105018,18,14
2,262384,18,34
1,1044682,18,100
1,1056463,18,196
1,1032568,18,10
2,40759,18,105
1,1048975,18,123
1,839356,18,162
4,1003147,18,283
1,119554,18,387
2,117610,18,17
1,416212,18,32
2,99079,18,39
2,211309,18,53
1,1075651,18,34
1,17287,18,58
1,370195,18,131
3,1090024,18,126
2,172033,18,21
2,1067092,18,250
2,59749,18,81
2,1090276,18,22
1,36898,18,158
1,43657,18,41
3,1101661,18,89
4,245581,18,309
1,1030948,18,14
2,877624,18,58
2,110320,18,71
1,145978,18,79
2,836152,18,35
1,1049776,18,65
2,1006009,18,5
1,1058713,18,134
3,37861,18,541
1,42424,18,117
1,1050046,18,42
1,142756,18,99
2,1071106,18,39
3,893824,18,69
1,755584,18,108
2,1103056,18,31
1,1090303,18,23
2,903976,18,60
1,1032559,18,45
2,687616,18,36
2,1092184,18,61
2,267478,18,21
2,39436,18,48
2,43630,18,90
2,1105027,18,19
2,1101562,18,12
3,169504,18,818
1,1068883,18,20
1,3418,18,202
1,1015621,18,17
3,1097143,18,159
2,1044502,18,35
3,7666,18,75
2,1076929,18,11
1,1090294,18,31
3,1063600,18,21
1,1090114,18,18
2,999403,18,45
2,111382,18,29
3,16936,18,131
2,1026871,18,20
1,1067119,18,74
1,35530,18,8
2,1070818,18,11
3,1064572,18,13
2,248272,18,48
1,1085749,18,34
1,35584,18,12
3,1081069,18,29
1,37510,18,22
2,111436,18,20
2,1076920,18,14
3,397213,18,47
1,379249,18,157
1,371239,18,23
2,1105009,18,21
2,225259,18,38
2,213802,18,27
1,1021264,18,32
1,1077118,18,84
1,145330,18,29
2,65788,18,22
4,836584,18,298
2,1090240,18,20
1,76399,18,42
4,1060909,18,179
4,1003156,18,166
1,1084498,18,53
2,267496,18,23
2,906595,18,25
4,872260,18,21
3,132334,18,32
1,1044610,18,15
2,57058,18,18
3,1081087,18,6
1,1090105,18,11
2,1006099,18,46
2,86974,18,5
1,1061341,18,8
4,1024810,18,157
2,1101571,18,25
2,173617,18,44
1,1044619,18,96
4,1074823,18,85
2,906586,18,20
2,1071115,18,35
1,59047,18,17
1,1081321,18,3
1,1081339,18,1
2,1071124,18,7
2,1101553,18,5
3,1081060,18,55
1,124774,18,6
2,858886,18,22
4,23200,18,5
2,1076938,18,1
4,731104,18,12
2,865933,19,24
1,1054978,19,66
2,138742,19,19
1,1044691,19,37
2,64978,19,6
1,48940,19,21
2,1064473,19,29
1,839374,19,80
4,1003192,19,80
2,913561,19,16
2,1006090,19,18
2,130993,19,39
4,123307,19,778
2,20824,19,165
2,32245,19,89
2,41830,19,16
1,371104,19,16
2,1101769,19,41
2,1090258,19,39
2,30877,19,111
2,75886,19,18
2,1006108,19,16
3,131983,19,36
2,172582,19,21
1,1032541,19,250
4,1082743,19,74
2,9925,19,12
2,399220,19,41
2,837943,19,99
1,86992,19,98
2,1070836,19,19
1,1067128,19,9
3,1047130,19,91
3,88450,19,58
2,124954,19,35
1,24136,19,32
1,1047967,19,161
3,1066570,19,25
1,17296,19,604
1,1032550,19,20
2,1010068,19,13
2,836125,19,50
3,1060630,19,30
1,1032532,19,201
2,174436,19,62
3,1013335,19,10
2,1098493,19,9
1,42496,19,27
1,1032586,19,31
2,50785,19,65
1,38518,19,43
2,216151,19,16
2,745945,19,16
3,1081078,19,9
4,1003183,19,44
1,35449,19,26
2,87559,19,36
2,1067074,19,96
2,23569,19,20
2,815101,19,24
2,838456,19,18
2,210868,19,11
2,1098502,19,7
1,3427,19,57
2,132028,19,173
2,118033,19,12
4,753613,19,77
1,43738,19,27
2,1105018,19,5
2,262384,19,21
1,1044682,19,41
1,1056463,19,125
1,1032568,19,3
2,40759,19,43
1,1048975,19,38
1,839356,19,128
4,1003147,19,118
1,119554,19,186
2,117610,19,6
1,416212,19,17
2,99079,19,24
2,211309,19,19
1,1075651,19,17
1,17287,19,17
1,370195,19,76
3,1090024,19,79
2,172033,19,5
2,1067092,19,158
2,59749,19,44
2,1090276,19,14
1,36898,19,90
1,43657,19,29
3,1101661,19,48
4,245581,19,149
1,1030948,19,6
2,877624,19,26
2,110320,19,37
1,145978,19,37
2,836152,19,23
1,1049776,19,34
2,1006009,19,3
1,1058713,19,80
3,37861,19,256
1,42424,19,75
1,1050046,19,19
1,142756,19,69
2,1071106,19,18
3,893824,19,43
1,755584,19,44
2,1103056,19,14
1,1090303,19,16
2,903976,19,32
1,1032559,19,26
2,687616,19,16
2,1092184,19,31
2,267478,19,11
2,39436,19,29
2,43630,19,47
2,1105027,19,12
2,1101562,19,10
3,169504,19,458
1,1068883,19,12
1,3418,19,99
1,1015621,19,10
3,1097143,19,66
2,1044502,19,20
3,7666,19,14
2,1076929,19,5
1,1090294,19,22
3,1063600,19,7
1,1090114,19,9
2,999403,19,17
2,111382,19,12
3,16936,19,71
2,1026871,19,10
1,1067119,19,39
1,35530,19,6
2,1070818,19,10
3,1064572,19,10
2,248272,19,21
1,1085749,19,14
1,35584,19,8
3,1081069,19,9
1,37510,19,13
2,111436,19,8
2,1076920,19,7
3,397213,19,23
1,379249,19,19
1,371239,19,9
2,1105009,19,14
2,225259,19,21
2,213802,19,10
1,1021264,19,12
1,1077118,19,41
1,145330,19,13
2,906586,19,4
2,57058,19,8
2,267496,19,12
3,132334,19,20
1,1081321,19,3
1,1090105,19,6
2,906595,19,11
2,1090240,19,11
1,1081339,19,1
2,1071124,19,4
4,1003156,19,37
2,1006099,19,20
2,1101571,19,11
4,1060909,19,93
2,1101553,19,0
2,173617,19,23
1,59047,19,9
3,1081060,19,23
1,124774,19,6
2,1071115,19,12
2,858886,19,12
2,65788,19,13
4,23200,19,5
1,1044619,19,57
1,1084498,19,12
4,836584,19,0
4,1024810,19,0
4,1074823,19,9
1,1044610,19,5
2,86974,19,0
4,872260,19,0
2,1076938,19,0
